profileId,userId,name,age,gender,weight,height,activityLevel,goal
f62ab617-07d2-4dc1-953f-b709f9e53a4c,eb7cfbf2-097d-44d3-9f8d-772560615d19,User2574,22,Female,65.07,156.33,Medium,Weight Loss
b58509b9-c097-418b-ae17-9c4a07117e50,fe8d16ca-de44-458e-9c0f-72cbf0a0f17a,User8391,64,Other,113.95,182.29,High,Muscle Gain
b109fbeb-9082-4d9b-807b-7346bc99d20d,c4d93e51-d1ea-4173-bb6c-97158ad16510,User9616,49,Other,117.46,161.49,Low,Maintenance
f6f56afb-bb74-4d28-bcc5-64eacb72fcae,1abd0579-069f-4b1e-8518-3ce9ad76370f,User4862,40,Other,81.71,157.56,Medium,Maintenance
b5b35079-e9f2-4574-abb2-00161d796a0e,7aa14c4f-b85d-4d9a-ad29-c194af1d2f31,User3709,61,Male,91.03,161.61,High,Muscle Gain
cf4e3b27-4c5b-4ad9-96d5-44216b8eeb9c,73e3e421-af72-492a-9dbc-2b73f8d38530,User8359,20,Female,86.48,174.87,High,Muscle Gain
d6587100-031c-4ddd-baf2-c32392403cf7,31d06110-cfea-4f80-a62f-ccc6d24d4552,User8368,54,Female,84.11,186.78,Medium,Weight Loss
813a8c43-8802-4604-a040-18c3089de428,9f3e293a-3007-407d-af67-2848890531a5,User9978,22,Male,72.48,180.56,Low,Maintenance
60d9d860-6b0c-4443-97a7-2140b67a0688,d2c5ef3e-757c-41df-9879-c75fb6596755,User1832,36,Other,104.21,174.54,Medium,Muscle Gain
44da93a9-490b-495c-b50e-5da3b1701424,6dc95cb6-e031-49fc-bbb3-06c76b6d699c,User5223,65,Other,101.46,179.23,Medium,Weight Loss
24d82e8d-79cf-4612-9829-1c9a2887bcaa,2943b9ec-e9cf-4ca9-83cf-8da2217c5dd0,User6731,52,Male,104.26,157.97,High,Weight Loss
55d3d93c-43f1-42a6-8ee2-abb6db15876c,3af9e2f8-edd1-456a-9402-f4802623f9ee,User3990,29,Male,84.38,192.96,Low,Weight Loss
8a44bb3d-fb26-450e-9d66-90d44a91b0d7,1897f1bc-24b9-4ee1-9342-89b696913cde,User9657,20,Other,55.49,174.47,Medium,Maintenance
f6127afd-1c42-41ed-a894-8576de92a364,14a42384-2e85-4c90-a01d-6d922dcf8605,User5355,65,Female,89.29,177.34,Low,Maintenance
3da69632-e865-43fe-bb78-68961e73ba29,57957082-e859-4f98-ae53-6e656b66d0fb,User1068,44,Male,94.53,196.68,Low,Maintenance
c41f6a6a-c345-44f7-9b05-d84438b2a793,290f9439-6d53-4de8-ba20-3f9ac7fd5eeb,User8012,46,Other,57.87,184.41,High,Maintenance
63ddedf0-3d96-4bca-8cb5-1a5c80fbeda7,e74cf3da-8b66-4ae3-8668-cda0dd342f2a,User4485,65,Female,104.11,180.88,High,Weight Loss
3e2efbcc-bb1c-43ce-ad60-1451f1c79f26,1d9a9315-3156-4b7e-8f96-04d468af15f2,User5922,30,Other,104.53,196.13,High,Maintenance
94ec14d1-ac45-45ac-88e6-96aca02d3a26,d910a92c-638a-4326-9dd5-6917a72f87a5,User7327,19,Male,52.72,160.29,Low,Maintenance
9c9cb3b9-852f-49f7-b501-f7ad4038925d,5c04c29d-7f27-4ee1-bdd6-012eb1fee34a,User1030,26,Other,100.69,194.98,Low,Weight Loss
bf948f27-4c14-4dfd-81fd-8135a6793d18,9c26f692-59eb-4c92-b4ce-780858771452,User5328,63,Other,109.71,186.36,High,Maintenance
e33f4f1a-083b-45bb-99c3-f048942a1d3a,b14c4049-2a9c-4304-ab4c-e7e5aec45552,User2114,56,Other,90.17,182.04,Low,Weight Loss
5d658fd9-2dc7-4fbe-b90f-4a61a85da03d,f8f1b1f8-a761-4d8b-abe0-c43393327ad9,User6189,48,Male,64.26,176.68,High,Weight Loss
9c1a0a5f-bbda-4aed-a27c-f2e362c9d445,8febfa49-bd8a-4888-8479-268e844e34d0,User2913,50,Female,62.31,188.97,Medium,Weight Loss
a1f9edfc-02fe-420e-96ac-4cdfdd2af622,28491e5c-93ec-4cfd-9d58-6e7a96989547,User7362,31,Male,88.72,192.23,Low,Maintenance
bc8238e2-ad01-4bfd-9b27-2c49cb8d90df,8723a921-9395-4152-8df8-0070804d2e79,User7733,50,Male,117.06,182.44,Low,Weight Loss
f166c0ed-8fff-4a16-90ec-0fe2f3045c70,f0340e2e-bbf1-421c-a4a0-4b3b9eaf33aa,User6036,25,Female,118.88,155.73,Medium,Muscle Gain
7d74397f-523c-44e8-b0ae-05258f29d70f,317dd565-a1ff-4fd0-9dc6-ab2bec0b18fb,User9109,19,Other,93.46,179.64,Low,Weight Loss
d4a797ca-0d38-4776-af4e-7cf5730f5f6d,5d8796af-e5a4-4382-b8cd-064df2167498,User6531,32,Male,54.99,197.16,High,Maintenance
bdd947c2-0e51-4468-9316-169ca6e331f3,bea02af8-9b58-4084-9e97-0ecc90fffceb,User4291,37,Other,84.43,190.1,High,Weight Loss
8a324349-504f-4b16-95e0-d0a896771cf8,8fd488f9-b6ae-4df7-898e-ac766778944e,User4171,64,Other,105.35,166.51,High,Weight Loss
b76bbff0-0d01-473f-909d-d8ad86db32d5,849a3e5f-e04b-4386-a7d3-c06c563899f3,User5075,61,Female,85.92,190.0,Low,Muscle Gain
5ad306b4-f6ae-483b-bd3b-5fd44fdf1c05,b8ed2dd9-aefe-419c-8018-5bdab42564ea,User3347,20,Other,116.6,165.29,High,Maintenance
08ea82a2-6cdc-46bb-9279-8349fd13ccc8,8d9ef02c-72ff-448c-9113-ac72d6fddd06,User5148,48,Other,102.19,167.74,Low,Muscle Gain
49ca01d1-3fab-4421-856d-78e9eda7d5be,150f98e0-ba07-43a8-969b-d1335cfa2d5e,User4344,19,Female,74.53,162.05,Low,Muscle Gain
53a3e0a1-4395-4071-b7e1-ca6e571c0b5d,dd0099a2-94e6-4893-87fe-7dedaa9c30af,User5690,39,Other,98.63,177.1,Medium,Weight Loss
dafe65de-e28f-4e88-a117-334f9a904079,d4e0885c-71f7-47ed-b50e-79b3ea1d3c97,User4454,30,Female,70.32,198.52,Low,Weight Loss
4b9f5f40-88c1-4e4f-8c62-d82d660cc14d,98a0506f-0c9c-4246-8053-fc13fe60b6a0,User4292,42,Other,116.73,193.39,High,Weight Loss
04419095-e0d2-426f-8fd3-1621ff0ecf7a,889107a4-36e9-4814-88fe-6f5c30c8aacd,User2194,22,Male,77.21,182.36,Low,Maintenance
1cdd81d4-9b6b-4636-ada0-b95b7ecfc77c,76e127db-268e-46f6-bcdb-7e1f5c57c1dd,User2039,39,Male,114.08,153.87,High,Maintenance
1e6d591d-ebf1-4cc3-b41c-e7d973894614,980cd588-9d9b-4eff-805c-9bb9a203271a,User9198,28,Other,54.19,177.47,High,Maintenance
4fbf8d1a-c354-43db-a40e-fbfaad629d39,e26ab251-33a1-4cce-9635-801518069486,User3460,37,Male,62.73,192.57,Low,Maintenance
c15b5651-a4d1-4683-8163-ef5b336bfe87,a1f46665-eb6b-43d9-9877-d1c9d0528dd2,User7997,37,Female,108.92,164.96,Medium,Weight Loss
732a9d0d-5633-47d4-8ed9-5fe7816727ee,ab0f7b94-b480-42bc-a616-5734ac847629,User7505,42,Female,77.1,168.19,High,Maintenance
33d37d55-31c6-4ccf-b810-af31d07d74da,864c3ed0-c946-40a6-80a1-741f288bad5b,User2442,58,Male,95.85,156.24,Medium,Muscle Gain
c78b49fe-0958-4548-806e-a2fa1f1e7d1c,2dc38e5f-b602-4d17-a040-55ff821e8915,User9739,64,Female,109.06,161.66,Medium,Maintenance
cdd76ef0-8f8e-497c-b70f-e8a2ed016aff,71957998-4cad-4b0c-9a0a-7e78cae19f0b,User8176,57,Other,106.47,171.03,High,Muscle Gain
b3dcbf20-5de9-476d-b4ee-6b355ddce811,c88363d3-d703-470e-975c-cc3d862e03e6,User5050,48,Other,66.29,168.9,Medium,Maintenance
6dc42c36-a666-4232-908f-3b0a4a88433e,73e9794d-cae8-4956-ab45-e617d48d0dce,User3720,62,Male,53.57,178.97,Low,Weight Loss
53f06f91-784a-4fca-a653-2900f71b9c4d,1ba24181-ec43-4edc-a685-9273cec25151,User7202,23,Male,85.26,184.01,High,Weight Loss
66986de5-0d90-4faf-a4e5-d99f5f8c5b7a,4729e25b-1664-463b-aef5-b4d01582bf1e,User2822,33,Male,118.94,162.1,High,Maintenance
a6eb241c-64fe-4c76-bfc9-36440992edd6,809be294-c976-43d7-8b68-e9b7972cf6f9,User5836,24,Female,87.61,156.53,Medium,Weight Loss
0e005b57-05c0-409e-a466-f357cda740c2,bbea3e81-3742-4c01-983e-d928b3cc44d2,User8665,56,Female,69.51,177.92,Medium,Muscle Gain
68ba929c-ab7d-42d5-acba-18011b3f2209,897ab3be-74ab-43ff-b18d-9c21c4a5a58a,User6594,58,Male,107.66,168.14,High,Maintenance
d1c98c79-b79e-408e-af8a-049c204f861b,ea6aee7f-c3e1-414d-a1c6-1445809d72cc,User7111,34,Other,81.68,164.6,High,Muscle Gain
922d3778-3ac6-4d68-bcfc-afb22458e649,509130b0-65d6-4719-b9ba-746a163ef12b,User4993,27,Male,75.19,176.08,Low,Muscle Gain
d44ee00a-23c5-494b-a4e9-dd1b07768d7c,59072851-ac41-45f3-b051-9b8f9c5c66e8,User1383,65,Other,74.22,167.6,High,Muscle Gain
64721b5c-2285-4e65-b2d4-f5ffe898af6f,00b12a68-2017-4e08-9741-4006c3d3a127,User8012,25,Other,92.68,166.72,High,Weight Loss
0bdabb47-b20f-4390-8aab-c39ac23560c6,23760751-d58d-4646-93ef-38a1219e1d55,User8392,53,Male,56.45,178.89,Low,Maintenance
42794eae-3ed4-4abb-9f4e-3531514bc0ee,14e29fc1-c162-4fa9-bd30-ba364b508ef1,User9358,42,Male,118.61,179.85,Medium,Muscle Gain
11204748-b907-49a7-8f55-1413e45d7333,804a45be-dabd-42ce-9f29-42bb21414bd3,User1539,57,Male,56.16,171.41,Medium,Muscle Gain
e707fca1-70bd-47e9-99db-fdd518b0dbd0,f5b688e3-0795-4b42-8d6b-9bc5ced1665a,User5219,36,Female,60.53,167.51,Low,Muscle Gain
73cdab50-894c-4c50-a1fd-e014f202061c,93a39d3d-51c1-45d3-baf0-8939aea8a1cc,User8763,51,Other,57.2,183.13,Low,Weight Loss
4f484e1f-a933-4cec-bb38-826276e4ccf7,126f4845-be82-4048-bd55-a0a039e7311d,User7513,44,Female,57.42,171.66,Low,Muscle Gain
71fc96e4-7b94-444d-9f37-9f5d0a8a805f,4745bb19-2926-42dd-aa74-a1e0a9744e44,User5902,54,Male,116.48,156.39,Medium,Maintenance
337cb61a-755c-40ac-b4ee-5bfc7fc977f5,1b44c6ed-b37f-4bac-a65d-743a08e8589d,User2255,25,Female,55.91,166.87,Low,Muscle Gain
8dbf8b52-4e87-41e2-ae06-6d95752d921f,8eb405c4-f4d8-4412-a641-87e867e5d830,User3820,44,Female,91.64,197.86,Low,Maintenance
7cd626d4-fa35-4a89-8a39-6937f7565672,873603a3-d2ec-4906-bccc-2595531649ac,User9199,23,Male,97.46,157.86,High,Weight Loss
93acf4a1-d266-4a50-a1d7-cd7c8cd1273e,34e77805-89bd-43d2-9c3d-3d917258a9b8,User5406,23,Other,94.69,180.0,Low,Muscle Gain
269fe3fc-4dea-4499-95bc-192f18a1954c,bec5356a-3ae0-41e9-8c00-cb1e1034c9c4,User4404,36,Female,97.4,196.36,Medium,Maintenance
bfdf8cfb-c5be-4206-bc1c-9afc7cde0db5,5a4894f6-690a-4845-89bb-e44f5c7d814e,User8656,45,Male,70.82,153.09,Low,Muscle Gain
8e68e6bf-eeec-480c-81b8-cf9f1e3c5bf9,5ae92cbb-87a3-4464-8459-1818fa8b30e7,User4285,19,Other,81.65,162.83,Medium,Maintenance
7ea5b121-e1d0-46de-a7c6-35b76f3d56cc,5735d257-98b9-4b9c-b1af-0c623f0e4dc4,User5283,38,Female,105.18,176.39,High,Maintenance
c7db424b-e7bb-4399-bd0c-b6c62eee5b21,f6b890ff-1b3c-42fa-a5f2-092b1df08bef,User9479,20,Male,117.78,153.82,Medium,Weight Loss
57a38d35-80e6-42c5-a866-3a3078586f2e,6f8e5475-ab0a-423c-ac6b-a3ebe5659753,User1217,37,Female,56.09,176.21,Low,Maintenance
70848664-46cd-4a69-a31d-88893790f109,c794604d-4cf5-481b-88b7-ad0484a663f4,User9229,43,Female,71.06,173.32,Medium,Maintenance
52b22334-6113-4d6a-bdf1-12f42a13e52e,8cb2dc2e-8408-49fa-a581-8e1dec55862a,User2507,24,Male,53.61,162.39,High,Weight Loss
8ef9f06c-d333-49e4-9b6d-0c7de7aac58e,dee24e85-1cf8-4893-8f97-bc43e9a21d38,User9203,64,Female,94.14,196.04,Medium,Maintenance
80c78c38-bd37-4ea7-a942-d9c3009d066b,a814c50b-6ce9-434b-9551-cfbad60db9ae,User5868,38,Female,71.64,192.51,Medium,Weight Loss
6e3b4b82-1e23-48c3-9552-e5cf626d128d,8e91960c-ce4e-4861-a6a6-b533af3de92f,User6629,39,Male,50.66,178.54,Medium,Muscle Gain
dca009f0-1dd9-4691-972e-75f8135721fb,d1767baa-86cd-473e-b1ad-d8c1a2459a7a,User3377,36,Male,55.77,185.5,High,Weight Loss
0d6aa248-ab72-4dcf-a93a-56b9205f9631,f72e01bd-9906-4837-919b-7babfdf75401,User3466,24,Female,115.06,155.24,High,Weight Loss
21267c60-585d-4c0e-b69e-3e5e18c8f4be,c28eb432-a311-4d0e-a3d1-39789b9f33c7,User9880,49,Other,101.2,173.63,High,Maintenance
cf986ee7-77a7-43ee-9bad-196639a81796,a1223f97-92f3-470f-a265-0cee095425be,User5857,33,Other,51.6,195.67,Medium,Maintenance
59fb5729-3e65-4b57-8246-f47fa9cb1f3f,ab00bd82-bd2d-4245-9645-87611496628f,User3501,34,Other,75.01,162.96,High,Weight Loss
6e3f8302-e56c-4945-a008-2bb8612293a2,847b5c3b-5ca0-4f82-b212-aab8c5be9b13,User6274,58,Female,108.29,179.5,High,Maintenance
523db354-0814-4fd3-be15-b4126c7dfb2c,4e9be05b-483e-4b90-8105-663968ec4931,User6889,54,Male,106.4,173.26,Medium,Maintenance
e2522b93-ad55-47fb-b7f3-938fcfadb59f,804e5a43-d4c5-4edd-a556-9e7441da7a34,User6564,18,Other,107.0,150.42,High,Weight Loss
3897741b-1e16-4a0d-ba41-bd0f25a51c90,1f7bea42-3703-40c2-8593-697f15364c8d,User8328,50,Other,59.26,154.62,Medium,Maintenance
d393a708-f406-4934-a7b6-73d5970d7725,4fc3c5cc-8892-44c5-9420-0894540754f3,User2168,31,Female,114.52,159.53,High,Muscle Gain
3b7f874f-bc81-4354-85da-9baa36d1ee8c,4ed9e590-df9b-4102-a376-d790d6df4192,User6538,58,Female,51.5,183.96,High,Muscle Gain
0130a527-c7a5-4ee1-bad4-e62b5b29b9cd,6201a792-1668-43aa-9133-e942f615eeb1,User7086,36,Female,84.14,199.92,Low,Weight Loss
4c6225e0-e95d-4521-8511-9c986da1f114,59cbc238-806f-4b3a-97cf-123b5ee7516c,User4551,27,Female,97.8,165.49,High,Muscle Gain
d64c9cfd-5a60-400f-a8f4-a69414cd8f7f,3034fa48-41bc-4361-9cf9-b38d32659450,User3660,33,Male,83.48,157.18,Medium,Maintenance
9c1a9a84-2878-43ef-b3bf-5b7301aaef8b,42235d6c-9e2f-4dcb-86da-63095f1ce98d,User2906,52,Female,72.58,157.45,Low,Weight Loss
48d2fce4-4c3b-4e47-9734-f1d9e44d1b0a,cfca71ef-c31c-47cf-84a1-ffbff63f24d3,User7930,24,Male,116.43,190.15,High,Muscle Gain
efef5a13-c7a1-4172-b246-2dda9ac794d7,1127e419-41aa-4a28-980b-fd011aa50c58,User9852,39,Male,90.81,177.13,High,Muscle Gain
ea6c3cb6-559c-45e2-a69e-b6c5d828a7fa,932637d5-8230-4de7-8dd2-185c7c3e13b9,User5512,41,Other,77.65,190.32,Medium,Weight Loss
98b990a8-9713-4091-b2d5-d3564407c9ed,fc9371d3-4956-428b-b5ae-277f29fbf59c,User9448,19,Other,96.37,151.88,High,Weight Loss
ec9805cd-434f-434c-ad56-f65d631fc415,73c0a7fd-1b64-47af-baf6-314f60772bf6,User2059,56,Other,76.8,151.54,Low,Muscle Gain
e8a81930-b3d9-4cb9-b80f-1dcf7bdf2e11,d61c741d-5753-4c62-8ea7-e77337ed6ce5,User4601,35,Female,95.25,174.41,Medium,Maintenance
5ee4623b-5458-475e-a7fb-a3ed06c493c5,544e8326-35aa-4dae-bf7b-ebf9f079130f,User1378,28,Female,104.62,183.19,High,Maintenance
2c0a7c34-a1e8-411d-afaf-3cdedc251209,bac4b2db-9812-45d4-a859-4fcfe37e740b,User1794,59,Other,92.87,166.4,Medium,Weight Loss
192061e9-6fa5-4352-8443-0b259bf10e29,7736d82b-850f-4734-aab4-e60405c98c99,User6463,20,Male,101.0,163.33,High,Weight Loss
5eda7c3c-1324-4be6-b9c6-9e2a51803b6b,23dbeafe-6d1a-4542-a220-8849687781a6,User4044,58,Other,112.23,193.79,Low,Muscle Gain
506f767c-0c50-4b09-afeb-83fb5ef191d5,c4aed8f5-2faf-4b7c-963d-55986568723a,User9758,21,Male,52.72,154.6,Low,Maintenance
128057b9-92b2-4974-9929-54c592e48bae,3cc9d3ad-0bec-4382-918e-36760dc89987,User5128,56,Male,105.92,171.94,High,Weight Loss
c8bebebc-102a-40d2-92a9-9db1da1537db,65a70a8d-1d79-45aa-ab70-184690262e08,User6583,21,Male,86.69,178.25,Medium,Maintenance
0e499b5e-39ac-4d7d-9ede-83bfce50337e,e3642a2e-63fb-45a1-96a6-1a48e98d2e24,User1922,55,Female,62.17,150.25,Medium,Muscle Gain
c628cc22-abe4-4605-bbbd-a12dc6609212,390d2e53-bc7c-42c0-bc4e-248afe25c5b5,User1342,29,Female,116.55,186.35,Low,Weight Loss
3b0cfa74-751c-460c-8243-5a9c837f8a6e,ab458426-234b-41ca-af4a-73df3923f4ce,User3517,24,Female,78.24,186.87,Medium,Weight Loss
cee0e33b-be41-4fa6-aedf-9dfd50b34954,db84386f-417f-49c7-81a7-97a9f5480f4f,User2744,42,Other,113.18,172.52,Low,Muscle Gain
4e27bf19-d9a6-481c-b74e-59de19757121,245d6e65-e9f3-436c-913b-70ee99e24081,User2692,41,Male,104.02,155.76,High,Maintenance
6738532f-b494-4596-830f-ac2093d3f989,ec6bbbce-f044-406c-b32c-bc396a1291a6,User3299,19,Male,58.72,162.33,High,Maintenance
a7dcec9c-8260-461c-be2c-62530cf96bd9,001001e9-0738-4bb6-8a53-3471b68a377b,User4414,36,Other,116.3,169.57,Low,Weight Loss
ac8f6139-497c-4f38-8e1b-e9ece4ad5a17,621fab49-66c3-4847-8724-15462b1eb2df,User8970,32,Female,54.08,181.26,Medium,Weight Loss
3a1bb1d1-0a65-4a5a-8496-af8764552285,745af948-0c47-4d10-8475-8aea1c0c2209,User9264,33,Female,77.35,191.6,Low,Muscle Gain
cda62847-9ed3-4401-9aa3-4cb64d8f452e,c059618d-7dda-4ccc-b53c-0ee54f984078,User5142,54,Other,77.23,170.31,Low,Muscle Gain
017f1e71-30f5-4772-a476-982545fe7066,eaaeebd8-a53c-432b-8641-2f7d0c2fb821,User1683,32,Female,83.22,178.49,Medium,Weight Loss
e2354e1d-1c1c-4992-8626-c0be0246118e,59bc4eb0-0241-49cc-95ed-03ba1599a405,User6706,60,Other,73.46,154.9,High,Maintenance
df690230-3a37-4734-82c3-9568851a05db,44973911-23ef-49ef-bc28-72a27e98ab80,User9589,44,Male,112.93,150.43,Low,Weight Loss
c5c16581-71ca-492c-a807-0b2d2c973da8,7af3ab12-5de5-4403-a442-3637731196e5,User3034,60,Male,55.04,150.46,Medium,Muscle Gain
613863ec-e55f-4d9a-8713-e71947f8edb7,533b57f7-b6e7-4114-8a84-4a3bda8c0663,User7622,40,Other,91.81,190.17,Medium,Maintenance
bbd4b9be-4402-4f5f-9a67-435ea21ed8b4,823a0fdf-5e23-492e-8db7-4bcca148937e,User9585,46,Other,74.82,158.68,Medium,Maintenance
ea719b2c-1b63-471d-979e-0da01791003f,fa41d8a9-23ac-4394-9312-defcf3583c72,User4890,25,Male,107.46,163.81,Medium,Weight Loss
2a47b93f-2115-4e42-af75-2feebcfdc263,a4eae0f1-e2ed-4509-b7d0-a097f5453729,User9665,53,Male,116.89,150.89,Medium,Maintenance
87af67c7-2b52-41f9-afe0-c7792dc4c83f,15a0945f-e2c9-4527-8765-eb544b337f28,User4166,49,Male,105.54,190.63,Medium,Weight Loss
c2354a81-5c08-49f6-acb0-6a2170ad4f24,89a2bead-7452-4f94-95c8-f87faebc7a4f,User1700,26,Other,90.59,191.67,Low,Weight Loss
d6d81f9d-90fe-45f6-a17f-3855a76dfff8,8e183597-c948-4224-affc-4202da09b4f3,User9096,41,Other,64.16,156.41,Medium,Weight Loss
fe14e448-f02a-464f-b677-2a63cb4a053d,39481e33-fee8-45dc-90c8-36fa12c57cb5,User6233,50,Male,111.62,167.23,Medium,Muscle Gain
c97c96f2-3aad-48f7-abe9-dca63d8f17c2,e5ae2204-9acb-48c4-8a21-74acfcade9e3,User9807,57,Female,96.81,158.81,High,Maintenance
6bf8a426-d5ff-4183-a72e-3829017f35fd,d6730746-969d-49ec-b119-237cc8a16926,User7897,51,Other,85.13,162.25,Low,Maintenance
e1fdb70b-436a-4765-9b7c-65f8d1d9bf1f,78fce8f1-08a3-4c34-ba1b-329ee89b45f9,User2265,45,Female,112.75,168.61,High,Muscle Gain
0fcf4080-071d-438c-8f7a-5d802785eadb,a0d7b829-da6f-453b-b333-c027307db3e7,User1178,27,Other,117.06,193.2,Low,Maintenance
ea3e7d47-982a-4cd7-8cb5-575cd9bcb415,10a27176-9846-46a6-bfc0-014e89872424,User7862,40,Other,111.04,195.39,Low,Maintenance
cb8a584c-c322-48f3-be25-f184ac45d5f7,c4afe80e-acd2-4670-8c02-02006ce4309a,User1416,42,Other,97.2,193.97,Low,Weight Loss
366d6e38-49f5-4dae-8411-5ce8d6027534,fbb32a12-fcc6-4f74-b0d3-50414d1beed8,User4778,46,Female,53.15,157.98,Medium,Maintenance
7e2806b6-5223-41dc-b2aa-72726a326222,ec38697e-f552-4d39-8e1f-6637a08edc84,User8452,63,Female,57.97,151.96,High,Weight Loss
761ab643-83a3-44be-8e85-f40d98715a8c,387a8d4d-2690-40d7-925d-7ff46b5c07a3,User7730,59,Female,74.52,187.94,High,Weight Loss
e4a15765-df80-492e-b2b4-113ba6dad8c8,dc1b3360-67c7-42d7-881d-1fa779f0ac11,User2656,33,Other,111.05,172.24,Medium,Weight Loss
f1980a05-df03-40c1-9984-e1472d323eb7,a9ea45e3-6238-49f0-9a8c-6267d43f5d4a,User9315,37,Other,87.98,156.97,Medium,Maintenance
a34506fb-098d-46b8-93d8-0d28677d5e57,255461a9-4ab7-4534-9131-0d6f103d4430,User3030,26,Other,56.32,194.35,High,Weight Loss
37e03b63-fe4c-461b-b976-05fa2723f03f,df8e832d-b61f-402c-9987-0a7b05b3fbbc,User9998,29,Male,60.03,190.54,High,Muscle Gain
6469c2aa-bca8-44da-bc70-84222183783b,6fb44629-a7d7-459f-b506-f9593d330d14,User1035,52,Other,118.68,163.3,Low,Maintenance
289e6852-7467-4283-acc1-029ee2c2c925,f8579af7-636c-4e4e-b3da-dedad67d5f64,User7422,23,Male,61.1,175.5,Medium,Weight Loss
d209a72b-783a-473c-b760-288f73b3d267,2a8a0cc4-1d0b-4529-ba93-9b580a432b55,User9623,39,Female,107.15,155.55,High,Maintenance
4f746821-9f90-4d89-be0d-02449e48557c,45ff27cd-76de-4c2e-a5e2-3b5ecf012510,User9068,45,Other,94.51,190.52,Low,Maintenance
55818048-d43f-4185-b208-89b69188749b,6398f38a-032e-4f0b-b1bf-0bfa3fbb18db,User5874,24,Other,78.58,156.13,Medium,Maintenance
9a771587-73fc-493e-b723-5aa4e34cbcfe,1760b792-e0a1-42bb-a924-3a4fee6d2ccf,User9678,24,Female,116.37,185.88,High,Weight Loss
1f2c6d64-1525-4484-89fd-2943b56fbd71,64fa9fb0-6565-482b-956e-9ba562d13f38,User1529,21,Female,107.24,183.85,Medium,Maintenance
5f6514a7-f4d9-4299-b25a-730394570ad5,33ebae2b-deab-41d2-a2ea-391e453d097e,User9017,21,Other,85.44,187.3,Medium,Weight Loss
9eeb443a-eb2c-4d2e-b50a-75ec00819a50,ade5a9c9-797a-4306-90c1-3a79efe805f6,User6053,40,Male,74.05,151.91,High,Maintenance
6c77a281-21ea-4959-b66e-b4ec6b3d1e02,fbb63e05-edde-4183-b27c-42c01d76845e,User6180,29,Male,103.63,155.6,Medium,Weight Loss
0f082da0-a076-4001-9fc0-25ffadae422a,876c846f-586b-4768-a84d-a9cd21ac3590,User1246,25,Female,67.36,196.03,High,Muscle Gain
8ce1df2d-c242-45f3-a6cb-fc1a02fd0ae9,f0767ecd-94ea-4449-ab9b-485847c28e58,User4740,20,Other,96.6,189.99,High,Muscle Gain
0a4c1131-9ada-48aa-8d99-25c82e6e6245,7e568e81-3c8b-4e63-b2be-208c602a0032,User5278,37,Male,103.33,187.47,Medium,Weight Loss
9057254f-18b6-4b5b-b1e8-e6a255f3d783,02a0169c-1b7e-4f52-8655-2f67a2f73091,User8328,25,Female,68.64,187.97,High,Maintenance
3639f4fa-75e9-450c-91c7-85a96478c873,f61d9bc6-53f4-4662-8ac6-f1c7ff82edd6,User1220,37,Male,61.76,172.57,Medium,Muscle Gain
0483ca1c-ec7d-4bd3-9e98-1d17c9a241c8,e2c69904-2fb6-4877-b276-926c0ca006d4,User2970,64,Other,66.34,181.93,Medium,Maintenance
93cbc531-ef0d-4f21-9e5b-3f9abc505b8b,1ec1f6d5-2e5f-48b1-b180-227e1953b54e,User5844,20,Male,86.27,175.82,Low,Weight Loss
f76f4fbf-d553-4223-a02e-77473b88f976,1e9e66eb-1f4b-4dde-9a54-f1e5f7583afd,User7005,36,Female,66.45,195.41,Medium,Maintenance
d6d1ed4e-90e0-47c0-bd60-b1cba70f1cc8,7c6eed40-ae16-4e88-9daf-dbebdbc1a652,User4835,28,Other,77.6,175.25,Medium,Muscle Gain
824e6fb1-1bdc-4cab-831e-3f5e8bb8fd30,bf29163f-0e40-4d2d-818e-fd3a5db809be,User2237,56,Female,61.98,170.03,Low,Weight Loss
6ef22cd5-fa66-4f15-8463-9fa0aea366cd,bc3ad72a-ed7f-4722-b2c7-d8312d5dc1f4,User4951,38,Male,72.14,190.61,Low,Weight Loss
3c0f1414-b8a8-4c7b-abd7-4d5c8f9df1f2,b27da570-bc40-4a56-8877-7a05a88aafcc,User2168,30,Other,72.45,150.07,Medium,Muscle Gain
f7b29f8f-af6d-410a-afab-bd5eae8474d4,0f26d9a1-a03a-4173-92f6-b72da07738d7,User2114,27,Male,54.67,179.12,High,Muscle Gain
0cbe658e-8202-451b-9321-66642d8c5acc,ed16de92-f137-46b7-b035-ca2dd419ffcb,User4901,41,Female,61.19,174.83,High,Muscle Gain
e3d27c98-477d-4cab-b93e-0c2aa8f22af0,5be7ede5-a534-4498-8e80-f33c768d5f12,User6017,63,Male,68.07,191.92,Low,Muscle Gain
0b224141-7686-4036-bb13-87b52f58274f,9d4b1bc6-6892-49dd-86e5-a8be9f0dbe38,User4009,44,Female,69.47,179.12,Low,Weight Loss
2d6616d2-1f53-45f9-837b-ba69a0ead628,23190c68-3256-442b-8c0f-8bbe4b1d7fb6,User2666,62,Male,56.46,186.65,Medium,Muscle Gain
4d3ff3db-691c-407b-897e-a61b6cf34c06,c153a9f2-a1d7-4eaf-b736-87c0788a6f31,User1365,57,Male,62.73,190.47,Low,Maintenance
7e3623ed-1466-4926-acb3-a6f3a89fc53a,64d175dd-5a10-485e-baf1-05c063f9b442,User4533,26,Other,83.45,198.5,High,Weight Loss
5e587898-b84b-4dc9-919f-25e74baf0538,3341d607-12a1-4492-b637-feb16254b3e5,User7773,54,Other,118.84,150.18,Medium,Maintenance
d3ca88f8-2adf-437c-940f-6a4c7212a2ad,17e031c2-4ba3-4b61-bd5a-8921eaf261d9,User3366,47,Female,80.69,175.32,Medium,Muscle Gain
5043e3be-028c-4f0d-804a-43e2457c1f3a,94365d03-d653-4aa4-9635-b898ed8fbf46,User5830,49,Other,77.79,180.76,High,Muscle Gain
05a784ea-3d9a-43b3-b3c4-6c2fbe8f11a2,4f5fcbac-3d36-4669-a508-e8134e97b4a3,User5560,56,Male,108.55,188.45,Low,Weight Loss
47e06954-d77e-47c8-a129-7dba8e320206,50f9df82-96ac-423c-9c4a-4fe7c9e852e1,User8872,56,Female,74.01,196.37,High,Weight Loss
5c3e095f-29ad-4c8e-a2a8-cadbea828625,9d233d34-fc6a-47d3-bb92-3bffcf0ac22b,User3380,28,Female,94.44,161.17,Medium,Weight Loss
ea2851f6-3f79-4394-bb0f-ed15de2ed800,182ff032-d99c-4a1d-8c04-f864ae0021cc,User6873,58,Male,60.33,185.25,Medium,Muscle Gain
ca80268d-df7c-4b83-8d78-81e0eea43ae1,3fd54ecd-9e91-42e7-82ef-69b009c7d3aa,User1556,51,Female,119.33,188.12,High,Maintenance
04291ff4-2abd-4e77-8505-33fa348e10a0,fcb4f513-0a7b-4b5e-9453-741fca4768b7,User8253,63,Male,63.86,192.22,Low,Weight Loss
9e8c9a3d-f79b-4d43-bc51-df6d541f8e23,0b909c8d-d3fc-458c-87b7-605f8ec98421,User1689,26,Female,74.05,160.15,Medium,Weight Loss
593061da-ab37-47b8-a9cf-3417da6f36bc,a122850a-81c7-403b-98ab-73de17e57544,User5477,19,Female,111.48,174.83,High,Maintenance
bd1b74e8-8d08-46a2-96fb-82ebae1ca5c2,76153358-2244-442b-91ea-53070d88a07d,User3507,57,Other,86.37,196.06,Low,Maintenance
9a4d0a6f-7d17-4c50-b13b-de6b9df49f54,79ba0129-bac8-479e-ba1e-ef5634dc2ac9,User8165,52,Female,108.9,160.76,Low,Muscle Gain
da2ec8d1-df5f-48a8-92e0-66a9b5e38fa8,417814e1-7e6a-491b-989a-30b861625d7e,User5880,23,Female,59.79,183.99,Low,Maintenance
f80d8818-a0d2-47ea-b710-e8bd4e6e4b8e,d4d60f9d-cefb-4c9e-b1b3-e56f16d1cf71,User1009,59,Male,117.74,156.83,Medium,Weight Loss
65f13150-3444-42f9-9c7b-167ab0453c3b,9bcd1513-7fc7-4e55-a610-4878a6fa138d,User7299,30,Male,99.99,162.98,Low,Maintenance
e121861e-2112-4747-870b-eedfff5a8f5a,54119ecc-d7f5-47dd-a314-379c8abebfbe,User8498,45,Male,61.3,181.58,High,Weight Loss
20d5ee28-0f07-4fb9-838a-81a2e6f21bb7,0c293e87-39d0-49d9-b81c-9a4a0bd4a8a9,User8166,22,Male,110.95,192.4,High,Maintenance
dbc96e9c-9ec9-408f-958e-6c6836981d22,57f0ace8-6dcb-430f-81fb-593698ca236a,User9054,57,Female,113.39,177.07,Medium,Weight Loss
49d14d2a-9228-4d13-9c23-7596c7810871,f092f576-e911-413c-8af2-0352c7f3d1c1,User1034,26,Male,90.49,199.96,Medium,Muscle Gain
720df53f-1338-46ec-958d-64e130b061b0,f8664c31-9e4d-4d55-94c8-be9778492b63,User8545,22,Male,87.54,173.02,High,Muscle Gain
eb7c16fe-00b8-4983-a5b0-30c3bdfcd58b,cefc71e6-cf3a-43cc-80c7-955348139465,User2386,59,Female,111.33,186.76,High,Maintenance
e7b5f930-a67b-43e7-898e-3ac5fcde0162,889a911e-5f25-4942-988e-8fe164da7890,User3869,49,Male,94.53,176.47,High,Maintenance
5f34ec5c-fc8c-4bf2-a60a-aab2a4a6a51a,abb1a495-731f-49d5-bcab-b2bb1fb70592,User1200,64,Female,116.33,158.35,Medium,Weight Loss
62d9fe40-840f-4929-b1f9-9d1aa2737aa8,cadb8ce5-083f-48a2-b07b-0b0b39738b14,User4485,33,Female,80.94,174.91,Low,Muscle Gain
3b9b5035-1ef1-4025-b46f-389a4d67315b,7ec13390-f65b-4686-a3f0-4017884043f4,User3080,20,Female,100.9,161.75,Medium,Muscle Gain
0a8443e8-f9b9-4cde-bfa2-51f46261f92a,b2092e7e-36a1-4941-9175-4123cb591497,User2586,34,Female,102.09,155.99,Medium,Muscle Gain
a5e358cf-dda8-4e52-b837-889bf1bf0620,64e2c6cd-3812-45e9-b578-231e6bd6846a,User4403,57,Male,99.22,184.49,Low,Weight Loss
e18bf816-889e-4c28-bbde-c93613a5af32,488d305b-4dc5-44f2-89f9-9f6f457a7b51,User4999,52,Male,97.82,181.18,High,Weight Loss
7a2edc46-6737-4a36-a67f-687c5a5adb89,a7358f4d-0443-466f-b5c2-f3936dcdf69d,User9909,62,Other,78.26,150.7,Medium,Muscle Gain
95466634-c0d9-4e60-88b4-ac5600db61fa,16a67af9-bf8f-481d-a976-df4464490794,User4887,61,Male,64.07,199.27,Medium,Weight Loss
43f93a2d-e4ef-4dd2-bf23-87744db02673,e1ed960f-efea-49a0-8807-70f3c5861fbf,User2998,60,Other,60.9,183.65,High,Maintenance
7545b0f9-3293-43f6-91a6-51c743ed4385,50ecce8f-696d-4f97-ac45-e47a00b8f3ca,User3939,21,Female,69.34,164.54,High,Weight Loss
20cdaaf7-1a73-40f4-83ad-80911f5c6279,f643e31b-975a-475f-98e4-ef857e048264,User2942,58,Other,104.54,192.98,Low,Weight Loss
f90ea2f4-afcc-4c28-8755-dbe49207af6c,ed079c73-d50e-4c7e-9ec7-a25e01c80a2e,User2833,32,Male,113.07,190.13,High,Weight Loss
4c67ee92-77a4-4041-b563-2a9f3a6dd5a1,d73dee1d-1bd6-48bf-95bc-4fce9ac9eaf6,User2025,20,Female,115.57,169.45,Low,Maintenance
35d5ca5f-eb39-45f3-af6b-7f686b4f1f3a,c6d80105-c9be-438d-8050-e85e15c72c85,User3092,28,Female,74.75,150.44,Medium,Maintenance
9280ab6e-07c0-4973-ba63-9e926716f3b8,01de1d90-c841-4806-8af0-493016d9688b,User7066,18,Male,77.98,182.19,Low,Maintenance
1edd54c6-7c7e-405a-b9d4-cede0c22744b,4d6eb26c-963b-4e60-b22b-18c778275810,User4059,55,Male,107.9,155.78,Medium,Weight Loss
e5fefc8b-5aa0-4063-a441-9d26530d1e74,60ebb8ee-b788-40c5-8361-e713a20b1ebe,User8555,39,Female,100.95,162.07,High,Weight Loss
0ca5db9c-e9d2-4fe4-879d-86478d6a4abe,4e0e9041-cd85-450b-8341-3944db469e2e,User4727,53,Female,104.12,165.4,Medium,Maintenance
8e8a1587-adfa-457a-aa4f-b4859ee119e9,62c5a917-3063-4a67-9672-390c071fab5d,User4249,43,Male,66.2,197.53,High,Muscle Gain
0cfe6559-6eed-40ee-9372-c1c6b92835b9,31419df0-b0ff-4fc8-9eb5-88c1d9891b64,User5856,62,Female,102.5,168.5,High,Maintenance
d6052412-48a6-45ce-a661-a784283ff190,e05a2f41-6924-469a-944a-1f95cb774018,User8774,59,Female,59.86,162.74,Medium,Maintenance
b24af85a-ef8a-49af-a45e-d0f0c31d5fc8,6c7b863a-4b62-44e5-b48a-37d7f2dea128,User5194,56,Male,65.07,179.31,Low,Muscle Gain
9a636763-0d3a-4de4-b302-5d8d697c033d,d3ed054d-7c37-4ddb-8b71-7721975c6986,User1587,56,Other,67.53,167.84,Low,Muscle Gain
e705ded1-6728-4377-8b0b-e08e117ac317,78ea7d6c-f069-42aa-bfca-083f54a78685,User8030,21,Female,106.13,179.09,High,Muscle Gain
959354f4-42f0-4c6f-b15e-ba01775e411f,f115d485-33e2-4254-9d51-89f71ba06937,User5365,34,Female,107.62,189.33,Low,Muscle Gain
58aade6f-c8ad-4cd5-9eaf-5f49208090f9,1e45f5c0-47e6-40e8-85c7-5f495e39fe1a,User6100,19,Male,71.01,187.61,Medium,Weight Loss
67d6ede6-3efd-4b33-a127-021f0f49b9d4,85a6dc19-6db2-4e89-a971-399cacc49fe3,User6124,30,Female,80.29,187.1,Medium,Maintenance
1b765638-e407-47ed-8f4e-29ae6da9fdd8,0505b4e9-e413-4635-9981-a3f15e38b35c,User5600,22,Female,116.73,170.02,Medium,Maintenance
49dfc461-116e-44c6-8da4-6edbbea74664,c9ae919d-a44d-449a-905c-48021a626a44,User6654,22,Female,79.12,176.13,High,Maintenance
481e3b63-523f-4c19-bd8f-93398a3ec81a,08fec092-be82-41d1-8e04-9fb2e8cd92ce,User3190,52,Other,52.1,173.31,High,Maintenance
e08e1233-261d-4b25-a8ec-26cde9ac6961,3c9d96bd-09bd-40b9-8f7f-1ba93033a26b,User7348,30,Female,54.18,197.74,Medium,Maintenance
ecf1956a-96f0-470b-8cc2-8291ca67bf82,31e8d6c4-2c44-472a-a8cf-faca8f04501e,User6719,19,Male,93.54,177.28,Medium,Maintenance
0aab89b4-5cac-4226-b949-527ebc0a790b,6d88a599-6bdb-405b-b84f-629d735396f3,User5304,18,Other,52.88,190.62,High,Muscle Gain
0aa3b8c9-3325-461c-9b1c-436bc5d1654e,c7d45916-20ad-4af9-93b1-aae4abb41a1f,User3775,21,Female,64.6,184.74,High,Maintenance
50328818-0e91-4cec-b65d-bf2edd025877,1f583679-9320-438d-9ad7-e69a052beb35,User1491,26,Other,65.38,169.48,Medium,Muscle Gain
2a9f5e20-d2b3-4631-9747-235120ea0c62,baca57e6-4f58-4e94-a2cc-cc507d7b2238,User5151,63,Female,68.77,174.89,Low,Maintenance
38e9c9b7-fe2c-42a7-b8a5-45326c93fc3f,f87496d0-3e3d-41c2-aa77-231ff86bd39a,User4710,35,Female,110.86,167.89,Low,Weight Loss
ced570e4-12ec-4e56-b75d-c65d92a21d11,6a39d6fd-02bb-4bfc-8e95-d614b86b0863,User9826,25,Female,85.82,178.06,High,Muscle Gain
370540d2-11e0-4495-9e42-54e84e1ddf5a,9291540d-b1f0-4a8d-99ad-59c732141f38,User2929,39,Other,81.75,171.83,High,Muscle Gain
e96c3da8-f36b-4e30-895e-11ac50b4bb80,71770bca-b1e2-49e3-b5d1-0e0e9ed67285,User5114,52,Other,117.24,181.53,Medium,Maintenance
ef24d2d5-9d68-40cb-8c41-d036f77e2ec9,83a9b0f3-db2c-4ae7-8a2f-8bd12da47e26,User4006,19,Other,105.15,154.6,Low,Weight Loss
ca58ed04-086a-4759-9d25-b41e92bc3cd3,253af52d-89f4-4db4-bb6c-81da80df7671,User8865,49,Male,86.99,180.34,Low,Muscle Gain
c012dd4d-dcc5-40d2-8414-d2f588ecf895,4b67af12-9932-4154-b531-2f72c392a2f6,User2204,53,Male,67.21,198.52,High,Muscle Gain
c2d53f0f-4176-4e3e-8501-7be5b5108af8,bfa7c436-729b-4e5a-866c-a96a17d16dc2,User8332,30,Female,85.67,191.93,Medium,Maintenance
457aba4c-b477-400e-89b4-50f3b8a1fed1,59231786-fdcb-46ca-b0c4-731f74474f3d,User5061,55,Other,98.43,150.44,High,Maintenance
c789c462-95d1-4d96-aead-c69578bf33f2,6fba68c6-2ab4-4b3d-833e-6ae2db8d838f,User1205,45,Male,53.64,172.54,Low,Maintenance
77581325-e212-4d28-8bfe-1e464361f6f1,b2df1fda-6006-40b4-8b22-1d81612f4bc5,User5758,47,Other,110.24,156.54,High,Maintenance
46e609a9-d769-4a9f-9c26-e0d40055612b,627ff689-370b-4d38-84da-0b9d73eabb0d,User8106,39,Other,118.95,161.25,Low,Muscle Gain
fa38bec3-aad7-4f2f-a71d-421ca2a68a2c,5a7b2843-0d38-42db-a51a-064c505deb4c,User6557,52,Other,74.42,179.4,Low,Weight Loss
8fa69c1c-e4a4-4498-866f-234cc129dcdb,de42f491-9686-46e7-b648-484c616147cc,User8311,36,Female,119.44,177.38,Low,Maintenance
ad144210-7768-4c80-86a3-47afcfa2353a,71e2c041-3d5f-4731-a0b7-ccc1675c9a6a,User2135,27,Female,58.8,152.26,Medium,Muscle Gain
e3a444a9-ba0b-4cc1-9d57-38afceccb892,09b3a5b0-7450-492d-b8bd-751ab3701c34,User3724,60,Other,115.38,154.93,Medium,Maintenance
a59f7ae2-86af-4b94-a4bf-9eeabf16a7fe,cc1dad30-caec-489d-9964-9721ef809569,User7491,60,Female,62.84,184.65,Medium,Muscle Gain
2ae8ca83-0945-4f8d-bfd9-facee28b69a8,3b248298-ffd0-43ba-9b35-ebb7647586e7,User1839,26,Other,70.23,190.7,Low,Weight Loss
892b765f-009f-4b18-9801-e593d410290c,0195b550-ba05-4321-8cc1-46c7ea4d06c9,User5303,52,Male,74.96,160.75,High,Maintenance
dcdbc850-001d-4f29-b27b-26ab66c4074c,8bd7a588-d1f9-4e14-b3c0-2b6223a1a930,User7329,34,Other,72.96,157.7,Low,Muscle Gain
6cc06eb8-c5fb-46e3-a49b-6f42c5e99222,8b012508-4001-46b7-bb04-0ad9cae001da,User7886,59,Male,78.34,154.01,High,Maintenance
2bf51e02-028a-4ac6-8844-26f21a5feda1,1d7281aa-56b0-4ca1-9d3f-a4bc9ae2430b,User9244,31,Male,70.53,193.91,High,Weight Loss
e7a40271-1343-4887-858e-f9325acd11a4,eb83adec-1317-44ce-a38e-2f1bfa1c0ee6,User6819,24,Other,71.53,164.48,Medium,Weight Loss
4275161d-cbc2-4fcd-a7f2-df29b3913d45,8ef0d5e6-eeae-44c8-b205-a75a83ef1827,User8758,27,Other,113.89,166.0,High,Muscle Gain
94fac4e7-b48b-45f8-ae85-daaf9c9cca6d,fc4caac2-2d61-46e8-8e04-9f93a9b3f4c8,User7535,50,Female,117.45,190.07,Low,Muscle Gain
cc4af7a8-e65a-459c-8aff-e0703133d9fe,5347563f-f18e-42d6-a487-c5220f7381b2,User8604,64,Other,87.59,166.97,Low,Maintenance
453f1d6d-eb6e-4427-98b1-997fec4fa710,3850e387-e77c-4874-b1b8-ec3ea86c35ef,User9766,23,Other,87.37,163.37,Low,Weight Loss
4d4100e5-e651-4805-8d6c-96dbb74ef846,b646149b-91a2-4a8a-8f28-fed55c722ef1,User1290,64,Female,66.42,192.79,Low,Maintenance
8aab2072-5abd-4cee-89ec-a7ddfb076174,f29bd969-5b6e-4241-afa4-b7bf365fd256,User7487,20,Male,75.86,182.05,Medium,Maintenance
0974d2e5-6b2a-4182-8bc0-a113e0de25b4,053b3aa6-5077-4953-9082-8f3d7b185dca,User6140,59,Male,72.98,152.9,Low,Weight Loss
930c43b7-3a69-422c-866b-1259222a35fd,f18f44a3-c68f-433c-8aaf-8aaf3e876034,User9946,23,Female,92.6,158.59,Medium,Maintenance
acc89a71-074d-46ef-9577-25c8ce420592,57ab774c-8b51-4927-b02c-e3e9def498a5,User6677,48,Other,101.79,187.61,High,Muscle Gain
07ede856-f16b-4222-9ae5-ef0515b34126,c8b8f02d-6e87-40a8-a21a-1ce50b954390,User7514,37,Male,50.74,186.34,Low,Weight Loss
66976497-2e59-43b3-b6ca-fc91d4f749a0,4542ffeb-d736-4030-bd75-cb34b11a83ab,User5620,48,Other,80.12,194.87,High,Maintenance
1c17474f-1dfc-4d36-b289-836461c57cdf,a7201a2e-48fe-4268-9c9d-e0631c5cd809,User1532,48,Other,108.92,177.49,Medium,Muscle Gain
41d3a780-f544-4daa-b7a5-9f4049ff3157,1763b0cb-83ec-430e-86ea-deb0393be935,User2921,50,Female,54.69,182.78,Medium,Weight Loss
a5c5cf07-4de4-439f-a8ba-bb8fd0f77df1,e117d885-c7c9-4924-9c7f-a4f7fe438442,User6426,29,Male,114.04,170.6,Low,Weight Loss
d5461ecd-4876-409c-be70-4c8e442f5bd8,0ebf2b45-920b-41f4-8f88-9830b12f11bd,User7788,28,Other,80.48,182.05,Low,Weight Loss
a0bf50de-16a9-4725-bd5c-d3a037598733,a043a19e-ef56-415f-82be-00d0d2fae44c,User7848,43,Other,57.17,185.98,Low,Weight Loss
c0723ece-926f-4643-974f-42dc2c0b4351,33cc0529-1b10-40d2-85fa-324329174422,User2395,22,Male,75.7,151.99,High,Muscle Gain
e2d1158a-234e-4154-8a95-2ea506112e1c,46505806-d751-4628-8747-7ab10e2c1916,User5297,51,Male,81.95,181.35,Medium,Weight Loss
05a042ed-42e1-4d79-93b1-dffe2ebf3bcf,ef13785c-d628-4fd9-b1fa-d5697b481512,User3854,32,Female,119.21,156.86,High,Muscle Gain
f4698873-3975-4f51-9e5c-5e85a3feeb8d,7c10d7c5-a7b7-43d4-984f-05c67842b820,User9399,45,Female,57.11,195.16,High,Weight Loss
2327c541-4747-4934-bf4c-31f68a677f9f,e7477d5c-f7b2-4d7d-a9bb-abd738a293e2,User8696,63,Male,103.07,190.15,Medium,Muscle Gain
dc908e2c-271b-4821-894d-ad3cb0e9cbc3,fc361a30-291e-404a-9046-f4802f7b7d0d,User8527,64,Male,115.43,158.08,High,Muscle Gain
535254ec-23e1-403f-aa2a-faaa6d03a234,1f6af614-93ce-4e76-ba02-e6589b503c67,User2103,30,Male,91.44,167.72,High,Weight Loss
34310e47-4f88-46c9-b023-7e25c60464b7,4af13abd-fdc8-4944-87ee-c29a1b09daf4,User7010,22,Female,74.54,186.88,Low,Muscle Gain
21f78e98-1554-4050-9060-7c2c1b0a58fa,4bdc39ef-607d-45ec-8c4e-2c3ce885a357,User3707,38,Female,93.5,158.05,High,Maintenance
52c75adb-b91c-449d-add6-d4c9110259d9,dae4d11e-5c7c-42e0-a2af-f0909375c840,User4551,61,Male,114.66,156.71,Low,Maintenance
3006f93a-024c-4bbd-9988-e1375618e676,23f7661e-eca5-4dfa-8872-abc036736ab4,User1860,58,Female,109.96,157.96,Low,Weight Loss
2e911938-0283-4fc1-9005-1cae521afeef,fc7e3cc3-b482-4766-ab58-ce24168ed35f,User8374,38,Female,108.79,156.77,Low,Muscle Gain
66553136-e83f-4b25-8e6c-f70aa01c0e46,c070c428-f796-4a75-bae3-7cb22a3cf997,User5999,30,Female,109.19,185.65,High,Maintenance
719f349e-09d1-4bbb-8d16-02e69732f50a,c90ca901-2ce3-4a40-863a-ca66971931b7,User2445,53,Female,110.8,185.51,Low,Maintenance
8e9eea7b-419d-4f4b-9b41-912e12b7a344,c4f74cd6-c3d6-4fb6-85b1-73c70270d139,User5302,28,Female,83.81,180.63,Low,Weight Loss
9722ebbe-0b45-4e0a-9e8c-6f7fc889cd94,12d8aa70-8ddc-4492-b590-108911c53664,User8739,36,Male,53.42,169.91,Low,Weight Loss
85975cf7-d6bd-4b7f-b1d2-e842c6f1a692,ba9dc2da-dffc-4506-8c0d-3f61136c1902,User7569,64,Other,51.98,157.92,High,Muscle Gain
ef4ccaaa-86e2-47b2-8d07-68d57b2d6541,6445a10b-169c-4b4d-b7c3-4df157f3f882,User9601,44,Female,58.55,181.82,Medium,Weight Loss
27d61f26-222f-4a86-8809-6fb299bfac4b,2a6e4cc9-1592-4e30-8b9a-5402a6d70c0a,User4063,56,Male,61.0,160.07,Medium,Maintenance
9ce39aed-5cf6-434e-b889-871496dc2d0a,0d39dc0e-e8bc-4de9-8795-6cab35a6e40b,User8509,64,Male,74.1,160.7,High,Weight Loss
7554b3d5-958f-4691-80c4-75dd0f5cbd46,68206ef7-c807-4789-9c87-bb8798d318d5,User7863,61,Other,66.16,150.94,Medium,Weight Loss
e0312de7-fb4a-411a-864a-1819ef9a6959,016fcdb7-52b5-480a-bd7e-58f261728a8b,User3604,43,Male,51.48,188.98,Medium,Weight Loss
052e3cdb-151b-4f17-8ab8-0f1b7af20087,11418d36-00f3-4974-9d13-322f70e74f02,User1262,35,Male,94.01,182.13,Medium,Weight Loss
184d1bfb-0976-4e3b-a65a-70ced43f41d1,537d3e16-4cd3-4161-ae61-b8edbf3d658b,User9564,42,Male,52.86,150.37,Low,Muscle Gain
b9a125fe-7827-440f-94a8-199b79a94e93,bf7b9e57-a320-4acb-8988-b2d3250861a8,User3559,21,Male,59.2,150.81,High,Maintenance
4dd81836-a100-439b-a9cb-467a43105f59,2406a955-d2d6-4212-807b-44700312c1d8,User7762,32,Other,94.83,172.49,High,Weight Loss
9d5c3111-c912-455a-8339-0dea1b13809f,f372c0d4-8691-40dc-8bc7-b992f054f11a,User6508,40,Female,106.28,157.5,Low,Maintenance
8ff7ee00-e197-43ff-9070-603058e489e4,d95fc013-b6e2-4f4b-bae3-494c16c02dc9,User5905,55,Other,68.62,176.65,High,Maintenance
017b796a-47ba-4f3d-b537-1222f110b805,7c191c26-b5a2-4367-92c4-5a894e492176,User3960,52,Male,61.65,178.34,High,Maintenance
9d89667f-f9ff-4077-a374-e037ce400ce4,c36894f1-0242-410f-8aba-10b3938ff00f,User2412,52,Male,118.22,151.45,High,Weight Loss
33d395a7-4e81-44c1-9594-60e226569176,26ddc4a5-071d-4bec-a61b-c9660b33b3d7,User4489,38,Male,118.84,156.76,High,Muscle Gain
d3d1c710-0843-4feb-b031-bb1a0a913872,23dd4f18-8f21-4874-92ef-d8f3191468fc,User7353,18,Male,100.08,188.66,High,Maintenance
f940aec6-ac18-45e7-9dcd-cc6ecf5434d4,3c72a985-08a2-46a6-95ad-4752925b07a3,User8239,29,Other,56.56,190.67,High,Maintenance
76768e77-ebd8-41ee-a7eb-231e3f38adc7,8ee050f2-5d1a-45a6-a94c-9373645293e1,User2648,44,Male,58.72,169.49,Low,Maintenance
3b43cfee-e607-4ac8-bea1-b080f9032217,345cfd6e-b390-4508-b0ee-6260b20c21b0,User2100,64,Male,111.01,184.74,High,Muscle Gain
d3567881-bb68-4922-ab2f-f0ff4763f598,8539b6cc-2afe-4633-bab9-965efe1c987a,User1796,29,Female,77.95,199.65,Low,Maintenance
3861c99a-fa25-471a-a4fc-ff0907e5e26b,2c565ad1-2bf8-46bb-8206-fe41feab71b9,User3903,43,Other,82.11,178.02,Low,Muscle Gain
bd38f8ba-6380-4e62-917f-a0d4280100d6,159773b5-977d-4e4d-ae4c-8fc6a0c5ea79,User4014,43,Female,68.19,183.65,Low,Maintenance
7542844f-aed0-4380-90dd-96b53615bf16,a243881e-f955-4ed7-8cf7-3fcfc91b9f89,User7018,47,Male,93.93,151.07,High,Muscle Gain
d7f0ed3f-649b-448f-9a5b-6ae554c2252a,57b76a2a-d30f-4106-8773-0f3689a269f6,User7917,21,Male,68.1,150.07,High,Weight Loss
b093eb30-6c6c-4c31-aa65-cc7c0b2326b2,64140cbf-186c-443c-b79c-d617f6c44662,User9345,36,Female,68.37,156.43,Medium,Weight Loss
67ca3158-a0ad-4b44-9472-05012777751f,391db798-50a0-45fd-95be-13685d838d35,User9762,18,Other,95.24,196.36,Medium,Maintenance
0ec95839-7189-4650-bf85-59535d30db0f,306cffd1-cd59-4a0a-8dbc-9ce50acbb230,User7314,18,Male,64.45,160.99,High,Maintenance
5d7d014a-7296-49e5-bfe3-78bd82286556,abd616a9-1f25-4c08-bb3f-d9a0ef16304f,User9676,45,Female,72.57,156.81,Medium,Weight Loss
11692d8b-499e-4402-9d3c-a86e4e10d0e7,ea74b464-5081-4cab-9aa0-d2f15be4d5eb,User7304,60,Other,114.77,153.62,Medium,Weight Loss
f5181c09-eee8-45be-8c67-19ccd6999533,99950af5-f527-4573-a40a-7206b851a2a5,User4017,40,Other,114.73,175.14,High,Muscle Gain
0eed3037-89ca-4d8d-a47b-6e117c757331,bba384ff-d372-47f6-b91f-eab6018346bf,User4129,30,Female,79.95,195.93,High,Maintenance
abb0742e-a50b-414b-bedf-f66e5eba29b1,b54d7b1d-3a65-420d-9fe5-157700783284,User4972,18,Other,67.79,185.6,Low,Muscle Gain
220fe6c3-724b-42c8-9e4b-8b7da3705710,015f5595-e86b-4bf1-9e83-a4bd19c30014,User2085,38,Male,50.51,179.5,Low,Weight Loss
8e96744a-8f3c-42f7-a0de-22992f6d74b0,6a7f708c-2f83-440e-a0b7-5a2d58ddd831,User1180,56,Other,101.71,152.38,Low,Weight Loss
e41b3481-16f9-4b99-8840-88ad085f4c92,add104c4-ea76-4f0d-b01d-46e9cd9024b3,User7970,30,Other,97.09,185.99,High,Maintenance
778ac9ba-08e9-47fc-b2d5-dd600beb95f7,ed6a6dd9-1a3c-4299-9a3c-58cb556bcac4,User6802,27,Male,118.97,193.25,Low,Maintenance
a68a9a26-023e-4fe0-bc06-be81a53129e3,0729c557-7041-44c3-9203-f095d61a9c2e,User8066,24,Other,83.6,194.36,High,Maintenance
ca5e7134-c22b-479d-87c6-f61f501c2e50,5e14f592-f3be-4ada-af41-b4188fb897c2,User4079,53,Female,115.71,181.31,Medium,Muscle Gain
71ec7738-4baa-4d77-86c5-8c1f0a4fb7bb,62a509e3-e85a-46dc-988b-4f8c3ca993fc,User5884,45,Male,92.25,175.9,Medium,Muscle Gain
51d0e6b6-3f62-43b8-8234-f46090709958,7168880b-ccd5-4c7b-9628-dfe16c3ca291,User3652,55,Female,94.21,191.25,Low,Muscle Gain
eb556846-b023-4df0-bc36-739f4b861888,480c628c-52f3-4d02-8078-808d322ea8e9,User1843,26,Male,80.32,169.83,Medium,Maintenance
646199f9-61e6-4af4-a802-15e0e86f2d8e,768aec7d-4228-4b8a-bbf7-5d7259d7cf18,User9815,22,Other,62.57,187.86,High,Weight Loss
4ae32a0f-6418-4f9e-a5de-88fa9c9b48c0,e1d4ce46-f8f5-4742-933c-58c055361eec,User4752,42,Female,83.37,170.12,Low,Muscle Gain
d77a5c97-930a-4f4b-ada2-5c82a0ce5b94,f448c872-1e22-4a2b-93da-4c1fe9f132db,User2498,60,Male,105.03,153.72,Medium,Muscle Gain
afab4443-13b2-4461-b704-47e659fcaf2d,aac477dc-4bff-4a7c-8636-b029d0758a14,User6035,60,Other,51.35,187.07,High,Weight Loss
cffe2636-8dea-4cf9-be75-3800b04c3726,8de29220-28d7-44f2-aecb-9129055801e3,User5060,26,Female,87.72,199.2,Medium,Maintenance
2f3e5027-8a73-4447-be53-7b4d9d44e6d5,ecc5287a-f67e-463e-bc2b-3ae4cd03b56f,User5173,30,Female,73.67,151.96,Medium,Weight Loss
51acf270-1773-41a6-a8c9-deed1dff406a,bb21b7b3-4910-444f-a421-862a59ecd2bd,User5839,38,Other,68.2,161.77,Medium,Muscle Gain
14f55b69-7859-47cd-a663-447c1605d3d5,0383c762-07d4-45ba-9878-dd0deed2def0,User3578,58,Other,103.5,167.01,Low,Muscle Gain
6ee96ea8-be1b-4238-9b07-f0a06a024070,f843b160-9583-4c2a-bdda-6fbc41d8b86a,User1393,64,Female,51.21,169.04,High,Muscle Gain
9dbf5209-53d2-4c49-9918-4e36d3b69ad0,112e9545-a3b7-49d4-82d1-1f9eda25d35e,User2817,42,Female,68.46,191.1,Medium,Weight Loss
1827214e-0b5d-4922-882a-a255ec546b21,6c06a945-c628-4346-ad9d-5e53e74db107,User4653,48,Male,109.14,173.27,Medium,Muscle Gain
0955a526-6fd1-4158-9f7b-bd27f8e57a75,8e2a352c-c22e-4d80-8afb-4794ff7ebbbe,User5761,24,Other,64.75,173.29,Low,Muscle Gain
3ed81370-1a9f-4d44-9774-85b91ccb0e5c,42501fc4-b550-4cd4-acba-766ba5dec312,User3344,58,Male,52.54,190.73,High,Muscle Gain
6b5cf47d-e47e-47a1-bbb1-c058d2f550ff,6507424d-b8bd-41cf-9684-58e5f0469076,User2726,21,Female,87.47,198.9,High,Weight Loss
a2f16fe2-a275-4f6b-9fe6-cab097f6d2fc,0d7c288e-4290-4a13-8a14-64832e31334c,User2955,53,Male,97.5,184.82,High,Muscle Gain
4fffa47c-e9d3-4862-8407-e86a94a8a00a,9daa4ba7-6f13-46a5-8d0f-aa9ec1af40bc,User3575,36,Male,63.04,163.92,High,Muscle Gain
667f4d03-3e80-4e8b-b04b-11dbdd683fc9,87796337-7fe2-4ea2-8286-939a57622af9,User1194,61,Male,97.1,169.41,High,Muscle Gain
21e07353-adda-4442-9671-b8a14b5081a5,0235332e-e784-4afa-841e-af52f718fc65,User7982,64,Other,55.38,190.16,High,Maintenance
808864ac-62a0-4c95-ba30-e1c9b281bdb5,7af6452a-f904-4392-b841-e0da04f12d26,User5204,31,Other,116.03,179.86,High,Muscle Gain
05813ca7-b34a-4be4-b947-a6a16931740a,192fb4b0-180f-43a4-b0a6-e28d6375c234,User2888,45,Other,119.47,192.43,Low,Muscle Gain
75c50fc8-089c-4704-a254-a36bcc8a6913,8ac92340-63d5-422a-9410-412fc25a5623,User1980,36,Female,84.56,188.59,High,Maintenance
778ffa19-8696-483a-bb0e-95b0f3ece73a,6735cd86-f5c5-4e9c-96de-f0b5a197a4e4,User4093,18,Male,106.63,180.65,Medium,Muscle Gain
4f1ecc53-6b3e-4c6b-a74b-17276c2d9c38,453dc35f-ac71-4fc4-8867-9a54c334b7f9,User3581,37,Other,119.98,155.46,Medium,Maintenance
f35bbbd3-cefc-4ed0-8f66-87ea70a91ef3,6536816f-c787-48db-99d5-d479d2bbb0e9,User3427,35,Other,58.84,186.95,Medium,Weight Loss
caab0572-4ef6-4750-923a-6a9a0f50c6ed,dd9f31d4-8b5d-43af-bfce-4127fe0a3ab9,User7441,20,Other,114.51,171.19,Medium,Muscle Gain
a13a4e04-9827-4a65-9415-1e9eadc932e3,1b8e0463-e91b-45c5-a449-c30726eb30a5,User7225,29,Other,50.36,178.54,High,Weight Loss
cc239399-dec9-49eb-b574-9267db43f177,ec8d00f0-9667-484d-b3b5-2f649361a5b9,User7801,56,Male,50.41,178.44,High,Maintenance
67a41cb4-639f-4464-8093-d43cb7a9952e,b956ecbb-c363-4807-b427-a216da2deebd,User5905,39,Female,81.89,156.11,High,Weight Loss
e88f8daa-304a-4508-8f34-4029c438745a,0648ab36-6161-4a34-b7f6-eb3b0f463f74,User6741,29,Female,100.38,176.08,High,Muscle Gain
803457f3-cc89-4cf8-a7a5-fe85722854a7,db7496d4-8169-402b-8968-a8637d698e78,User6937,53,Female,54.79,196.6,High,Maintenance
b5c59350-bff7-4bd7-916e-612bef4f1ef3,3b750476-dee1-45b7-800c-45087c291389,User7554,61,Female,77.91,171.04,High,Weight Loss
e71b31bf-c478-43e5-9254-7be76bd629a3,6c192801-0153-4d21-8fd8-dec94906768b,User5675,21,Male,86.92,196.72,High,Maintenance
229c4d76-3c1b-4931-9dfa-979dfea94b1d,38ec8cd5-6745-445e-963c-c5831ecaadd5,User3932,60,Other,108.63,176.84,Low,Maintenance
c25b479a-025b-43c7-9915-727ade65a15b,4e0c8ea3-37ba-4692-93b6-22191a2d19e8,User8584,41,Male,116.74,194.82,High,Weight Loss
9a32fe0d-6e51-47be-8e6c-73f59db6c838,4b659ace-2124-499d-9c5f-b4cf5c6121a5,User2493,52,Female,118.41,160.36,High,Muscle Gain
7e9194a1-d6c1-4fd3-961d-4542a4edad28,c7cd834a-bbdb-4b0c-a74b-082002dcd3c7,User6765,52,Male,69.57,174.6,High,Maintenance
cf70f720-8507-4a00-85a4-cb9043188e68,f546ef27-9d0d-43b5-8417-38d1ffec859d,User3131,21,Female,82.84,169.78,Low,Muscle Gain
1d5c2aa7-9737-4c10-bdf8-0a1e7889ff6b,cc0eeeda-7f2d-47a9-94f2-a3dd1f5fe3ca,User2913,57,Male,99.16,189.1,Medium,Weight Loss
645ece8c-823d-4c8a-abee-794afff5553b,c4325e80-8fd1-41c0-af61-f169bd01e7a2,User2317,40,Female,81.26,182.18,Medium,Weight Loss
ec53b45b-bee9-4498-808b-f838f95fdccf,2715ea6d-f17e-4e8a-b139-a0567073cd46,User1760,25,Female,113.86,152.7,Low,Muscle Gain
f5d6107e-2162-40d2-90d1-1d459c7d8ef2,4c6d9a33-5e0f-4b20-bf11-5b2954d06872,User4952,30,Other,117.21,181.12,High,Weight Loss
f6fe3c66-a86e-41fe-aa92-c204976b4191,945e62ef-d0ee-4ccb-ac86-60cb6c04c222,User7674,38,Male,77.34,184.75,High,Weight Loss
6488c3de-b450-41fe-be85-39ab06fded0c,f446f27b-45a3-41a9-a52f-0035130e2015,User9296,25,Male,82.79,163.47,High,Maintenance
b4acac13-4a47-4c98-9026-4d4839d3543b,ad8aea10-15a3-4ff2-9cf4-e0994b0cd1eb,User5993,36,Male,57.62,180.77,Medium,Muscle Gain
0a8244d1-7a98-4805-8d58-5a99ace2f057,89de61e7-711d-4268-83ae-61009062e74a,User7424,51,Other,53.65,151.2,High,Weight Loss
31e2389d-22d9-4cbd-a297-cb7e8cd6c745,101bb88a-a019-4b92-850e-bd7a38803bb7,User7951,50,Female,82.84,198.71,Medium,Muscle Gain
372f6d40-7e87-41fd-84cf-b54a72fab51d,bbb630f3-182f-4c94-b235-0012a9d41a3c,User5136,20,Other,50.79,185.77,High,Maintenance
95185613-d1c7-41f3-956b-ddb8a97277c9,23910245-5cf9-4f24-8381-2c2ee99b9dbe,User8405,30,Female,112.76,193.31,Medium,Maintenance
bbf1f29b-17b2-47d3-ae77-a8ce38937b2d,bc7c84b8-c7ed-4d34-a4a8-4f4c63b93f64,User4781,51,Other,87.12,166.13,High,Maintenance
6717de31-b453-42a6-8988-e8cfb5bdf723,d233fcb0-4e4a-4b5e-9c8d-93117c370edf,User2719,61,Male,74.93,169.66,Low,Weight Loss
3959157a-7e3b-4af5-b19c-cd491e37b8a3,9b0af064-9d4c-4498-904e-8096042d4dbd,User9852,34,Other,92.48,157.16,High,Maintenance
aa8258bf-b493-4339-86ec-7c825bc6e421,1c44c562-5f58-4ab1-bdd7-7686f10e70d5,User8999,34,Male,95.6,198.77,Medium,Weight Loss
e1351dc1-160a-44d6-be44-11fe85c43394,040e57ab-84de-4b9b-a2d5-e0c04b54f7ca,User5703,46,Male,75.07,151.08,Low,Muscle Gain
c58b5a7a-3891-4129-8330-c154e2636886,67a18753-6f4e-44eb-bf4c-573f2bc504c5,User3823,56,Female,89.84,171.93,High,Weight Loss
bd973c5d-4dee-4151-85a6-86eb7c459f2c,260697d9-5177-45e5-a042-a2b6bc0655e3,User2138,47,Other,83.75,177.3,Low,Maintenance
a6873258-2649-4e90-a00a-56eb6078e9ae,97b2831c-9b81-43a4-a182-ceb57204e5e0,User7636,39,Female,71.7,180.68,Low,Maintenance
059c64c5-253b-4b56-a7b0-63f9939f7171,aff1a0d8-4f64-4ca9-ad98-458be385d9bd,User4367,62,Female,99.12,156.85,Medium,Maintenance
7422b861-04c5-4df9-8003-a6d0a12e3ed4,e86b18cb-85ca-42fa-8c96-c4b59b1e6b94,User9582,23,Male,110.95,179.59,Low,Muscle Gain
f262aad7-d909-4e45-a20d-729b1c4708d5,b61e3a82-ec62-4e5e-82a3-7ba9d671cad0,User9483,43,Other,119.46,169.5,High,Weight Loss
ac88b3fc-ef3c-466f-89dc-04f9432b0478,ed7c5cba-9d24-40d2-802c-6aa5f443f06b,User1693,29,Female,61.8,158.39,Low,Muscle Gain
e7f81e8f-7b21-444a-8cbf-d9f1c934bb0b,2588af87-c291-495f-8468-8e2372994c84,User2804,18,Other,90.04,159.98,Medium,Weight Loss
3c3a5f18-8222-4473-b81d-6ee997fbf220,aa8fd3b2-48f1-4f31-a9b1-37c53c5ab94b,User5700,22,Other,80.5,180.4,Medium,Weight Loss
29d73550-bacc-4343-b3c1-2f64269568f3,a18d61e2-be1c-457c-a004-bf9332abde7d,User7037,46,Male,91.53,159.12,Medium,Muscle Gain
59f9aef3-ba24-4f3e-95c4-457f84b58385,164a6ec6-7e4d-4eb5-b529-5c82bb1e20dc,User2964,61,Male,82.61,171.35,Low,Maintenance
25ad5e74-cf23-4f41-a455-2e6071d2a23d,439bbaa6-b442-459c-8752-fe5831f08af4,User8125,40,Male,65.21,171.01,High,Maintenance
52aa4a0b-67d6-4c0f-add5-bf89fb0d422d,f6ddaccb-c480-4ba0-9b08-d83b391b2047,User1381,56,Female,104.78,170.32,High,Muscle Gain
ddf4269d-627c-425d-a498-22e43b9c0e21,74cddc06-8fef-4fea-bfd0-98acb488e204,User7903,43,Female,62.36,151.74,High,Muscle Gain
bca44973-ce46-49a6-9456-b2e0784ff65a,a4fdb41f-ddce-4e73-a384-f223b02357c7,User5877,29,Female,116.44,158.05,Low,Weight Loss
117f9d19-1496-49c9-82f4-b8ee31a54baf,ade3cb3f-643e-4bcc-9590-ab40e2bbe85f,User1828,46,Other,53.93,185.22,Medium,Weight Loss
7a718110-b42a-49f7-be8c-55f1ca15deab,6f698764-e1d4-4268-b68a-21e6e94feb4e,User2019,45,Other,101.66,177.72,Medium,Maintenance
971dbedc-8a63-49fb-aa4c-45cf07379de0,399aa7ea-30ad-4ee3-a6b9-19d84f2a0470,User4018,58,Male,52.46,161.65,Medium,Maintenance
652e7b44-d4df-48bd-89c0-58940f6607e8,8314101e-bc0e-4646-82e6-6efede575455,User3990,38,Female,51.0,160.75,Medium,Weight Loss
5012372f-01ba-423b-9979-cb5f71392f00,0fc9e273-6556-4041-8744-2c47ddecd1d9,User4543,50,Male,78.61,154.29,High,Weight Loss
b00fddd8-afb1-42aa-8ed0-87782971089b,27c97582-5d99-49e8-a7e4-4063d0049d4e,User3623,36,Female,71.6,184.94,Medium,Maintenance
fa438577-2359-4669-8f73-d38c24f4c713,937f9d6c-ed1a-4503-bab0-5c003d71da5a,User8518,44,Female,71.57,195.05,Medium,Muscle Gain
08642086-cd4d-40b9-8f92-4a55ae2a9090,bbd50598-d90b-4c35-b260-9a3b771ef28b,User6906,51,Female,77.44,169.24,High,Weight Loss
0a94923d-0319-4f63-aae3-2ad2af9a07ae,56cbc2a0-edca-4388-a5bb-dcbdf22f20d1,User5114,39,Female,110.9,196.89,Low,Muscle Gain
adb215d0-7508-477c-83dc-bd183fffe24c,b61b8297-762a-470a-9ef8-d7b617d5a0e6,User9184,24,Other,63.4,173.5,High,Weight Loss
832630ac-6682-4457-9c01-583ffac7dbd9,0cf0ceea-b7cf-4442-aa95-537fc67ab170,User1710,24,Other,64.56,187.58,High,Maintenance
5ebafebe-da5a-48d6-ba44-8b11dc62ecae,75990e63-24bd-455c-a715-06d17d3f63d9,User9397,57,Male,85.52,178.2,Low,Muscle Gain
3f946644-ffb7-461f-a27e-6b767f28f2af,f694a254-1ea9-4004-9e81-160d6e0012fd,User2500,41,Male,117.04,174.35,Low,Maintenance
8b35ac95-ffe2-4d44-a094-d307cb44153c,a1ca15bf-903c-4f50-8112-20cea919e22c,User5206,63,Male,68.59,181.67,High,Weight Loss
9dcc2f1f-4639-45b2-9433-aea50d4fe261,0880dd55-f922-4dc1-8c50-d7c8ee9e8374,User6731,41,Female,111.26,198.36,Medium,Maintenance
ee96c162-f96a-47ab-b762-140f8decacf4,1bdeb7ee-bfb4-469a-9e46-1bfe1ee91d9f,User6863,57,Other,97.93,178.28,Low,Muscle Gain
f19ca027-7502-409e-9bbe-de945c7eced8,aa77a43b-c88b-47da-b840-5739e603ce0e,User5395,22,Other,81.53,181.02,High,Weight Loss
4eef8f77-2a68-4d1c-b71f-6a685f182763,a16fed1b-57bc-4be7-bf09-ffd649e127c1,User4952,46,Male,118.65,168.66,Low,Maintenance
57799775-cea4-421d-a48f-a30b246bb77f,5c84b651-eac2-4049-8b73-77f0538606b4,User2754,20,Female,93.31,172.55,Medium,Weight Loss
7a9ed8ef-7ee8-4733-a76c-dd5c7ddbeb95,49dcf2dd-6c66-4b46-8c7c-f73fb67e2519,User6633,62,Female,86.79,160.81,High,Weight Loss
9f299189-7cc5-4321-b02e-ddb932ef758f,f76a3e8b-cf73-4a48-a1b8-4a7d25262f4d,User5681,31,Female,114.07,156.08,Low,Muscle Gain
2d8a7bd3-37c4-4f68-ab83-306f4655e3b5,d5ef9c78-fc64-4425-9095-00d868b167cd,User9130,60,Male,106.83,183.02,High,Weight Loss
a6bd9afc-6ccd-48e6-8dd8-82ebee22f1ab,72fef605-a27e-4169-a264-5e1c6d2ac9e6,User7199,40,Other,108.03,184.23,High,Weight Loss
81c720c5-a3f3-4e85-8ecd-0e7e1243db1b,662d5ca4-d709-4200-a47f-bd9f70f1d1a7,User7887,41,Female,87.57,193.43,Low,Muscle Gain
29a361df-b362-4eab-b248-0ac19196decd,d8b7247c-5206-4043-8353-75a19ffa2573,User8716,63,Male,62.88,196.38,High,Maintenance
ed4d6125-23a2-4583-86c5-19e9ed50326e,76477bcf-7625-4f1f-b750-3caaa2807145,User2054,49,Other,114.86,163.81,High,Maintenance
f62c3097-9a64-42b9-91b5-4ff6e96110e6,31e699df-7327-425c-a001-2432d348eefb,User5773,64,Male,90.89,193.51,Medium,Maintenance
02313700-bfe3-448d-b308-8caa97e5b37c,d60285fd-2959-486d-8019-4d40c83747fa,User8667,46,Other,70.88,151.1,High,Muscle Gain
1134f182-70d8-4b84-8730-6c71651301e5,5882f842-0451-4d49-b57a-a659fa65761b,User9518,39,Male,109.49,186.85,Medium,Maintenance
b34cd020-b478-4268-9316-2eeb2835739e,b8fee0d4-09e1-436d-81cb-ad84fdcaabdc,User1824,58,Other,89.85,183.87,Medium,Weight Loss
8942a366-7571-4df8-a2d2-f7d2a3cc7b98,786b17b9-85e4-46b2-be74-e46d07803c93,User9184,23,Male,106.74,169.62,High,Muscle Gain
98aff5a4-7ad5-4a4b-b7b1-25a2a2ffb294,77af5b2f-ad20-4143-a49a-8e7ab1202db2,User8100,30,Female,79.39,151.33,Low,Muscle Gain
b50d9a43-b44f-40bf-8cd6-8b8eddc64d85,cbbd056f-c235-4b37-ada1-a237123e6c52,User3982,49,Female,69.76,175.66,Medium,Weight Loss
522e27cf-16e8-469a-b9ed-66b24027b54c,9d6d7f2e-1fda-4edc-b171-787465169af9,User3360,48,Female,75.43,185.98,High,Weight Loss
1d92cb51-1608-4841-8ccf-573707feb3fe,0eb8c9bd-f12b-4812-b405-f261d162a875,User5729,38,Male,110.09,189.66,Low,Muscle Gain
f0ade5a6-b2d9-4324-a273-27e8a9339212,47f125c1-bb46-448d-a81a-b5c8effde03d,User6101,65,Female,115.27,163.94,High,Muscle Gain
18198164-4583-49c6-b789-b44e99660192,e5e16134-f33a-4bc4-a30a-02cc3cd8c0f7,User8713,43,Other,59.29,160.94,High,Maintenance
ad4e82cb-1f48-4558-becd-418a2836c887,10053aeb-3a20-44e2-9cef-bdb1b01fc973,User1748,61,Other,111.26,170.59,Low,Weight Loss
957e37cb-9ca2-4f31-9ead-eecf536718f2,1c7742de-1178-4b93-ae15-1a212c78481f,User3148,43,Other,106.09,179.68,Medium,Muscle Gain
117a14e4-ca30-431f-a409-75eb3e83ad97,a2d7e60b-c4a4-4e28-9d0b-89f4f85cb4cb,User4432,56,Male,115.7,183.32,Low,Muscle Gain
3f5d1faa-01a9-4489-8b83-4daaa02d6d96,ffae9e94-1141-4ff8-93af-793148a77ebc,User1933,34,Male,105.47,196.65,High,Muscle Gain
968716ae-aa54-45af-a8f6-753228c95df2,e3f1d634-ce0a-4c0d-a83c-557426a91f2a,User6409,26,Female,110.08,196.84,Low,Muscle Gain
5a2b1c5f-860b-479d-b89a-f89e47cb97eb,03b757ca-bad8-482e-a823-de33634e36c3,User3157,64,Female,51.8,178.81,High,Weight Loss
cbabf02a-ae57-4abf-ad46-7f59dc56ece7,2e2d6484-6f91-4901-8ebf-3a1559c6e979,User1114,29,Other,88.21,176.74,High,Muscle Gain
96dd227b-dd17-42c6-8113-c20082be5a00,a3af3d71-4743-44c9-ab71-2633ac078cb5,User7544,44,Other,118.35,187.57,Medium,Muscle Gain
8f1a8ebb-ea14-432b-b88e-b334646dccfc,0dcdbf71-9b31-42be-b3e1-bf54c7bb6736,User4484,43,Other,100.53,159.33,Medium,Maintenance
acaf163e-e274-4e9b-ac67-52edc57ef32d,752ffcd8-c174-47e4-a466-0f8f734e75f8,User5373,27,Other,66.41,159.51,Low,Weight Loss
001fcc31-3c46-44e4-a342-8be6d34347de,41e76532-08c7-4bf3-982b-ea85465e0d3b,User2570,55,Other,72.87,155.07,High,Muscle Gain
96b7385c-f56d-4ec8-aa59-2915a919357e,d3cbea32-e85b-4d76-a29b-a5bd9793d8ce,User5898,25,Female,81.79,178.96,Medium,Muscle Gain
ccac5039-82fb-470c-8125-296e94289d60,be718770-e164-4102-9e82-1caca2c6dd64,User8544,31,Other,63.96,172.57,Medium,Maintenance
efa76d1a-a246-4bba-b5f9-c05b524f17da,9d78b426-f58e-4feb-9d58-d07333881a85,User5803,54,Male,53.18,164.78,Low,Maintenance
7e8d5a03-5755-4c96-bf9c-f9eed9902cbc,b163d2c6-5e05-47bb-9766-95041745fe5d,User8992,34,Female,109.8,167.07,Medium,Maintenance
ee776b70-a97c-4238-af09-eadb1cebffe9,8d3fd558-cb49-4ad9-8f99-3ed3e1a23930,User7421,33,Male,81.42,179.53,Medium,Maintenance
5f4090f5-ac03-4aba-916f-615219bbfa19,bed3500d-5f0f-4b1a-8cb0-5f0d1d6dab29,User7220,56,Male,115.18,151.88,High,Muscle Gain
d1adb18c-5bd7-40d6-a524-7bc54a7a0236,2e7f75d5-6882-4cd0-bf5e-2602bf214a1f,User4511,46,Male,98.52,193.14,Medium,Weight Loss
2e33ead7-b757-4ed9-8c23-1dd896a0ca55,7b232a17-2cdf-4e9d-aaaa-a43196eccb75,User7351,57,Female,65.88,184.87,Low,Muscle Gain
f4898777-8c97-43bc-a9e6-825448586334,891ee38d-7a10-4336-9957-c937241f26f9,User2827,37,Male,56.96,187.68,High,Weight Loss
d7303357-9fec-4406-a0b7-2f3809bd67dd,bdfed6cc-d427-4a73-84a0-4e023492e31b,User7435,36,Male,110.45,197.09,Low,Weight Loss
fbee74ef-6040-43bf-9343-3b35a3b80f3e,6ffc9066-5f9d-4358-acae-1ea2330a8449,User9798,20,Other,67.73,198.43,Low,Weight Loss
9750cb63-be46-4007-af09-5ad48bccd7de,34f6d133-7f42-4c59-9368-467bb4fe543f,User4525,65,Other,55.29,155.64,Low,Muscle Gain
18191fd3-dccc-45b4-9eaf-d577b1723d7c,e11c6580-baec-4461-bbbb-04f2cbb18007,User2929,40,Other,55.85,156.06,High,Muscle Gain
5c7252c0-f878-4a27-b5c5-bc9fe12b88f8,998e4c2a-fa65-41d7-b450-cf16dc44f131,User4254,40,Male,69.99,171.81,High,Muscle Gain
26b50e8e-c237-47d3-b227-94f67e5eac94,6d2c99ee-9a30-4c72-8690-d8e9d2fc5f0f,User5321,42,Female,89.14,165.2,High,Maintenance
6a483f24-f897-46b9-ab96-a79853351191,278e17c3-46a0-4def-a241-b28224c44f73,User3242,46,Male,78.47,173.78,Low,Maintenance
4e922d45-1fb3-433f-87a1-e361dbac0866,74645076-0ff0-4c52-bbe0-2eef93818753,User1483,48,Other,100.16,171.48,Medium,Maintenance
660938a4-f9b8-45f2-a6c7-60c9fc4eea6c,de303967-05f8-482b-ab14-37f059bec22f,User7481,57,Female,102.31,189.16,Low,Weight Loss
4d7db0c1-da03-46ac-b33e-f88f8c6d8fdd,a0723cc9-cc94-4c61-bd82-a6f3ebba3594,User3348,39,Female,114.51,168.72,Medium,Muscle Gain
c24c9202-d40d-43a2-b09b-34e2e5dd0b17,8e9d4948-16ae-4481-b5a1-642d9a9e5d6c,User9327,44,Other,71.16,159.43,Medium,Muscle Gain
2b997ad3-a6a7-45b8-bbb1-aade3d1db4bb,04c68b4d-df9b-48a0-a9a1-2894ddba32c7,User5885,48,Female,70.16,181.36,High,Maintenance
cf3005c1-fa3b-44cf-9d7e-297ae6f552a7,b27e88f8-61bc-40e0-b81f-e02f29f4787b,User5351,44,Other,63.47,185.76,High,Muscle Gain
96a3a654-ef59-4992-8ada-b9a220d94a03,278302e0-5f7f-4639-9650-7b0656b4d4e0,User7259,23,Other,82.17,195.27,High,Muscle Gain
50af71ad-3017-4277-9420-2ce99d22dbd3,e03a0496-21fa-4580-806f-d486b4663898,User8847,57,Female,90.37,172.13,Low,Weight Loss
a45b00c3-a4de-413f-947a-5dab7aed1693,534ff77c-9a60-433d-bd3c-20f7ffc45efe,User2301,47,Other,53.82,185.46,Medium,Weight Loss
b567a268-77c2-4a12-81c6-86401860c0a3,5c0c48a4-3b99-49f3-8548-d40126d41765,User2361,52,Female,118.24,150.66,Medium,Muscle Gain
5c82288e-3f0a-423a-a431-6b6b9eb3891a,f0c19e50-324a-43de-bcbd-e14594435456,User3575,49,Male,62.57,188.76,High,Weight Loss
638e49c5-7cab-4a0d-b28f-f5c3fc7d28f9,63fd029b-3402-46cb-b6fb-9214f0bd41ff,User7039,41,Other,89.83,173.52,High,Maintenance
8cdefd38-4590-474b-a0f1-a29dad3d056a,386cc2b1-a4fa-4108-a744-b13ef0febd95,User6154,35,Other,59.5,180.11,Medium,Muscle Gain
9a09e352-30b0-47f7-b390-9e7193d2e9de,2ee58ad1-4e12-486a-8097-a15ce9e62951,User4560,19,Female,63.56,152.32,Medium,Muscle Gain
c3cee163-b53e-4ae9-91ac-c55b9f9fa22d,e758040a-cd6e-439f-bc01-ad0295e0fd1c,User7466,43,Other,98.39,158.67,Medium,Muscle Gain
ad15fb14-7dba-4398-90b7-444bcd03c3ea,e36a6bd3-4d71-4f23-8afe-bd66a37ec4bb,User2340,62,Other,66.11,168.92,Low,Muscle Gain
2725aaca-8813-4d5e-ab70-4b154336e952,678dc3d6-a0f7-456a-863e-96b183d7c422,User5086,63,Female,62.93,179.03,Medium,Maintenance
6d755aec-cc5b-46d6-ae6b-2df760aedfd3,0f6820c5-4d08-4fe7-abda-99164d7f2bc4,User7831,20,Female,109.75,196.99,Medium,Maintenance
bfa9cf46-6fb4-4788-b4cf-e70dc650095d,fb69a5bb-62fb-4153-a892-fe3a1875f0ea,User4492,61,Male,89.99,166.0,High,Muscle Gain
51eda52e-0d4d-47d3-a40c-ff9fb872f9c2,9c5aa990-20cf-4811-bc86-9cd909cc1b39,User2061,33,Other,84.42,165.72,High,Maintenance
d1467f26-ecaa-4388-b10d-5d2f2925e3ca,0db44713-d78c-4a32-b6b9-2fbc1fae3066,User9457,47,Male,97.75,187.2,Medium,Weight Loss
84a26ea2-4a7f-4afb-a9cd-0c0e70791a80,dfdff1b7-dbd9-4fb6-9e60-ebba0c94590b,User4648,35,Female,67.14,198.55,Low,Weight Loss
02d9df23-a2e2-4ff7-9da0-0d32fcaba20d,c038b180-f99a-4ccc-8d81-e3fe6f8496b4,User9561,29,Male,101.63,189.48,Low,Maintenance
aa922643-d91d-49e4-bcb3-0d8151e3a261,4c007bb9-a544-413e-8a42-65f67b5287ce,User1179,42,Other,59.38,184.31,Low,Muscle Gain
698399bb-d405-4a13-b498-9966ee650224,7fcee9e5-21c2-4aaf-b474-27ed09acaaf4,User4706,44,Female,61.92,173.71,High,Muscle Gain
cc7114ca-f826-4889-b10e-188ac2744219,45d3494a-e7b6-44e3-a695-4294b70731b6,User6139,51,Male,59.43,194.59,High,Weight Loss
90a0d0de-8bee-469e-b573-0c660a2358b5,939079bd-974d-424e-851a-1e2049551258,User7405,39,Other,59.89,156.57,Medium,Maintenance
c2c3d3af-8401-4aba-a9b4-3ac001503489,a2a6ddbd-7b33-4966-8117-fdf3513b031b,User2979,54,Female,117.65,157.09,High,Weight Loss
285b504f-8082-49aa-8423-ea79dfbfdf64,a5a45a64-9252-47af-95c6-1045fee002f6,User3405,18,Other,78.42,182.36,High,Muscle Gain
5cc29369-6994-4872-baa9-3660615a2185,0968b685-5919-451e-ad32-cb8992cfe1c7,User7653,18,Female,118.31,182.98,Medium,Muscle Gain
19325636-9234-43fd-9207-53134704cc68,c4a88b8b-3e1a-4674-9126-ffaf4679e5f0,User5804,47,Male,75.37,163.08,Medium,Weight Loss
95161e52-2836-4c6c-9301-c1c15c153045,04ef1556-fc75-400e-b437-1e5c97fdba17,User5162,39,Male,95.07,162.34,Low,Weight Loss
80c25a28-21ca-43ae-a442-3fce6c31c12c,822ec36f-f782-4316-8903-2e005220bbe1,User3709,29,Female,101.16,189.46,High,Weight Loss
70aca16b-6cfa-4801-9e6f-ea8fb330cf26,67b72e5f-ecfa-4eae-a82d-5e37edcf2497,User2723,50,Other,103.72,193.8,High,Weight Loss
a4275360-f32a-454c-a65e-7a06a9798e16,d0a77d5d-57c0-4721-a586-41a735df6354,User8363,37,Female,107.48,163.61,Low,Muscle Gain
e46240d5-b674-4e6a-8a3e-3f7fc41b6255,8277ba6f-e64c-4600-b3a8-01f4e8cd30d7,User5996,20,Other,67.53,156.32,High,Muscle Gain
adf9f716-145c-4abb-ae53-17b21e5504e2,8ea9be0c-2b3f-4587-a3eb-9739f288c4c0,User4007,65,Male,105.53,163.84,Low,Weight Loss
229ebd0c-68fe-472f-ba72-f52de6e3f5d6,9bfd7e89-a278-445a-a22d-851e0f3ec086,User1121,18,Male,62.78,191.14,High,Weight Loss
1f6d5738-78a8-4660-a56c-314ad2ca0980,1b2675d8-480b-4bd4-bd18-b30d0be7aec8,User8528,29,Male,59.39,158.4,Low,Muscle Gain
e59ceb90-e6b9-4584-8830-ea0eb3014c9f,369b5138-bf59-419c-b579-670599b6b114,User5624,44,Other,65.81,162.57,Medium,Maintenance
c4776e48-f52e-4f5d-bbc0-e77770503302,ae42b207-29c3-49ef-9e1f-165913a9acfd,User8382,65,Male,102.75,151.02,High,Maintenance
